{
  "model": "svm_rbf_c12",
  "sample_rate": 22050,
  "chunk_duration": 3.0,
  "allowed_emotions": [
    "neutral",
    "calm",
    "happy",
    "sad",
    "angry",
    "fearful",
    "disgusted",
    "surprised"
  ],
  "split_strategy": "stratified_random",
  "strict_speaker_split": false,
  "metrics": {
    "accuracy": 0.9513888888888888,
    "precision_weighted": 0.9522784692918592,
    "recall_weighted": 0.9513888888888888,
    "f1_weighted": 0.9513007846383511,
    "f1_macro": 0.9527780475132241
  },
  "candidate_metrics": {
    "svm_rbf_c12": {
      "accuracy": 0.9513888888888888,
      "precision_weighted": 0.9522784692918592,
      "recall_weighted": 0.9513888888888888,
      "f1_weighted": 0.9513007846383511,
      "f1_macro": 0.9527780475132241
    },
    "svm_rbf_c20": {
      "accuracy": 0.9513888888888888,
      "precision_weighted": 0.9522784692918592,
      "recall_weighted": 0.9513888888888888,
      "f1_weighted": 0.9513007846383511,
      "f1_macro": 0.9527780475132241
    },
    "extra_trees": {
      "accuracy": 0.9270833333333334,
      "precision_weighted": 0.9288434128668247,
      "recall_weighted": 0.9270833333333334,
      "f1_weighted": 0.9264912122312102,
      "f1_macro": 0.9295193802681447
    },
    "random_forest": {
      "accuracy": 0.9409722222222222,
      "precision_weighted": 0.9416984672682579,
      "recall_weighted": 0.9409722222222222,
      "f1_weighted": 0.9405911636814415,
      "f1_macro": 0.944385631885632
    }
  },
  "classes": [
    "angry",
    "calm",
    "disgusted",
    "fearful",
    "happy",
    "neutral",
    "sad",
    "surprised"
  ]
}